Graph1 Name;Graph2 Name
./house.seq0.gxl;./house.seq0.gxl
./house.seq0.gxl;./house.seq10.gxl
./house.seq0.gxl;./house.seq20.gxl
./house.seq0.gxl;./house.seq30.gxl
./house.seq0.gxl;./house.seq40.gxl
./house.seq0.gxl;./house.seq50.gxl
./house.seq0.gxl;./house.seq60.gxl
./house.seq0.gxl;./house.seq70.gxl
./house.seq0.gxl;./house.seq80.gxl
./house.seq0.gxl;./house.seq90.gxl
./house.seq1.gxl;./house.seq1.gxl
./house.seq1.gxl;./house.seq11.gxl
./house.seq1.gxl;./house.seq21.gxl
./house.seq1.gxl;./house.seq31.gxl
./house.seq1.gxl;./house.seq41.gxl
./house.seq1.gxl;./house.seq51.gxl
./house.seq1.gxl;./house.seq61.gxl
./house.seq1.gxl;./house.seq71.gxl
./house.seq1.gxl;./house.seq81.gxl
./house.seq1.gxl;./house.seq91.gxl
./house.seq2.gxl;./house.seq2.gxl
./house.seq2.gxl;./house.seq12.gxl
./house.seq2.gxl;./house.seq22.gxl
./house.seq2.gxl;./house.seq32.gxl
./house.seq2.gxl;./house.seq42.gxl
./house.seq2.gxl;./house.seq52.gxl
./house.seq2.gxl;./house.seq62.gxl
./house.seq2.gxl;./house.seq72.gxl
./house.seq2.gxl;./house.seq82.gxl
./house.seq2.gxl;./house.seq92.gxl
./house.seq3.gxl;./house.seq3.gxl
./house.seq3.gxl;./house.seq13.gxl
./house.seq3.gxl;./house.seq23.gxl
./house.seq3.gxl;./house.seq33.gxl
./house.seq3.gxl;./house.seq43.gxl
./house.seq3.gxl;./house.seq53.gxl
./house.seq3.gxl;./house.seq63.gxl
./house.seq3.gxl;./house.seq73.gxl
./house.seq3.gxl;./house.seq83.gxl
./house.seq3.gxl;./house.seq93.gxl
./house.seq4.gxl;./house.seq4.gxl
./house.seq4.gxl;./house.seq14.gxl
./house.seq4.gxl;./house.seq24.gxl
./house.seq4.gxl;./house.seq34.gxl
./house.seq4.gxl;./house.seq44.gxl
./house.seq4.gxl;./house.seq54.gxl
./house.seq4.gxl;./house.seq64.gxl
./house.seq4.gxl;./house.seq74.gxl
./house.seq4.gxl;./house.seq84.gxl
./house.seq4.gxl;./house.seq94.gxl
./house.seq5.gxl;./house.seq5.gxl
./house.seq5.gxl;./house.seq15.gxl
./house.seq5.gxl;./house.seq25.gxl
./house.seq5.gxl;./house.seq35.gxl
./house.seq5.gxl;./house.seq45.gxl
./house.seq5.gxl;./house.seq55.gxl
./house.seq5.gxl;./house.seq65.gxl
./house.seq5.gxl;./house.seq75.gxl
./house.seq5.gxl;./house.seq85.gxl
./house.seq5.gxl;./house.seq95.gxl
./house.seq6.gxl;./house.seq6.gxl
./house.seq6.gxl;./house.seq16.gxl
./house.seq6.gxl;./house.seq26.gxl
./house.seq6.gxl;./house.seq36.gxl
./house.seq6.gxl;./house.seq46.gxl
./house.seq6.gxl;./house.seq56.gxl
./house.seq6.gxl;./house.seq66.gxl
./house.seq6.gxl;./house.seq76.gxl
./house.seq6.gxl;./house.seq86.gxl
./house.seq6.gxl;./house.seq96.gxl
./house.seq7.gxl;./house.seq7.gxl
./house.seq7.gxl;./house.seq17.gxl
./house.seq7.gxl;./house.seq27.gxl
./house.seq7.gxl;./house.seq37.gxl
./house.seq7.gxl;./house.seq47.gxl
./house.seq7.gxl;./house.seq57.gxl
./house.seq7.gxl;./house.seq67.gxl
./house.seq7.gxl;./house.seq77.gxl
./house.seq7.gxl;./house.seq87.gxl
./house.seq7.gxl;./house.seq97.gxl
./house.seq8.gxl;./house.seq8.gxl
./house.seq8.gxl;./house.seq18.gxl
./house.seq8.gxl;./house.seq28.gxl
./house.seq8.gxl;./house.seq38.gxl
./house.seq8.gxl;./house.seq48.gxl
./house.seq8.gxl;./house.seq58.gxl
./house.seq8.gxl;./house.seq68.gxl
./house.seq8.gxl;./house.seq78.gxl
./house.seq8.gxl;./house.seq88.gxl
./house.seq8.gxl;./house.seq98.gxl
./house.seq9.gxl;./house.seq9.gxl
./house.seq9.gxl;./house.seq19.gxl
./house.seq9.gxl;./house.seq29.gxl
./house.seq9.gxl;./house.seq39.gxl
./house.seq9.gxl;./house.seq49.gxl
./house.seq9.gxl;./house.seq59.gxl
./house.seq9.gxl;./house.seq69.gxl
./house.seq9.gxl;./house.seq79.gxl
./house.seq9.gxl;./house.seq89.gxl
./house.seq9.gxl;./house.seq99.gxl
./house.seq10.gxl;./house.seq10.gxl
./house.seq10.gxl;./house.seq20.gxl
./house.seq10.gxl;./house.seq30.gxl
./house.seq10.gxl;./house.seq40.gxl
./house.seq10.gxl;./house.seq50.gxl
./house.seq10.gxl;./house.seq60.gxl
./house.seq10.gxl;./house.seq70.gxl
./house.seq10.gxl;./house.seq80.gxl
./house.seq10.gxl;./house.seq90.gxl
./house.seq10.gxl;./house.seq100.gxl
./house.seq11.gxl;./house.seq11.gxl
./house.seq11.gxl;./house.seq21.gxl
./house.seq11.gxl;./house.seq31.gxl
./house.seq11.gxl;./house.seq41.gxl
./house.seq11.gxl;./house.seq51.gxl
./house.seq11.gxl;./house.seq61.gxl
./house.seq11.gxl;./house.seq71.gxl
./house.seq11.gxl;./house.seq81.gxl
./house.seq11.gxl;./house.seq91.gxl
./house.seq11.gxl;./house.seq101.gxl
./house.seq12.gxl;./house.seq12.gxl
./house.seq12.gxl;./house.seq22.gxl
./house.seq12.gxl;./house.seq32.gxl
./house.seq12.gxl;./house.seq42.gxl
./house.seq12.gxl;./house.seq52.gxl
./house.seq12.gxl;./house.seq62.gxl
./house.seq12.gxl;./house.seq72.gxl
./house.seq12.gxl;./house.seq82.gxl
./house.seq12.gxl;./house.seq92.gxl
./house.seq12.gxl;./house.seq102.gxl
./house.seq13.gxl;./house.seq13.gxl
./house.seq13.gxl;./house.seq23.gxl
./house.seq13.gxl;./house.seq33.gxl
./house.seq13.gxl;./house.seq43.gxl
./house.seq13.gxl;./house.seq53.gxl
./house.seq13.gxl;./house.seq63.gxl
./house.seq13.gxl;./house.seq73.gxl
./house.seq13.gxl;./house.seq83.gxl
./house.seq13.gxl;./house.seq93.gxl
./house.seq13.gxl;./house.seq103.gxl
./house.seq14.gxl;./house.seq14.gxl
./house.seq14.gxl;./house.seq24.gxl
./house.seq14.gxl;./house.seq34.gxl
./house.seq14.gxl;./house.seq44.gxl
./house.seq14.gxl;./house.seq54.gxl
./house.seq14.gxl;./house.seq64.gxl
./house.seq14.gxl;./house.seq74.gxl
./house.seq14.gxl;./house.seq84.gxl
./house.seq14.gxl;./house.seq94.gxl
./house.seq14.gxl;./house.seq104.gxl
./house.seq15.gxl;./house.seq15.gxl
./house.seq15.gxl;./house.seq25.gxl
./house.seq15.gxl;./house.seq35.gxl
./house.seq15.gxl;./house.seq45.gxl
./house.seq15.gxl;./house.seq55.gxl
./house.seq15.gxl;./house.seq65.gxl
./house.seq15.gxl;./house.seq75.gxl
./house.seq15.gxl;./house.seq85.gxl
./house.seq15.gxl;./house.seq95.gxl
./house.seq15.gxl;./house.seq105.gxl
./house.seq16.gxl;./house.seq16.gxl
./house.seq16.gxl;./house.seq26.gxl
./house.seq16.gxl;./house.seq36.gxl
./house.seq16.gxl;./house.seq46.gxl
./house.seq16.gxl;./house.seq56.gxl
./house.seq16.gxl;./house.seq66.gxl
./house.seq16.gxl;./house.seq76.gxl
./house.seq16.gxl;./house.seq86.gxl
./house.seq16.gxl;./house.seq96.gxl
./house.seq16.gxl;./house.seq106.gxl
./house.seq17.gxl;./house.seq17.gxl
./house.seq17.gxl;./house.seq27.gxl
./house.seq17.gxl;./house.seq37.gxl
./house.seq17.gxl;./house.seq47.gxl
./house.seq17.gxl;./house.seq57.gxl
./house.seq17.gxl;./house.seq67.gxl
./house.seq17.gxl;./house.seq77.gxl
./house.seq17.gxl;./house.seq87.gxl
./house.seq17.gxl;./house.seq97.gxl
./house.seq17.gxl;./house.seq107.gxl
./house.seq18.gxl;./house.seq18.gxl
./house.seq18.gxl;./house.seq28.gxl
./house.seq18.gxl;./house.seq38.gxl
./house.seq18.gxl;./house.seq48.gxl
./house.seq18.gxl;./house.seq58.gxl
./house.seq18.gxl;./house.seq68.gxl
./house.seq18.gxl;./house.seq78.gxl
./house.seq18.gxl;./house.seq88.gxl
./house.seq18.gxl;./house.seq98.gxl
./house.seq18.gxl;./house.seq108.gxl
./house.seq19.gxl;./house.seq19.gxl
./house.seq19.gxl;./house.seq29.gxl
./house.seq19.gxl;./house.seq39.gxl
./house.seq19.gxl;./house.seq49.gxl
./house.seq19.gxl;./house.seq59.gxl
./house.seq19.gxl;./house.seq69.gxl
./house.seq19.gxl;./house.seq79.gxl
./house.seq19.gxl;./house.seq89.gxl
./house.seq19.gxl;./house.seq99.gxl
./house.seq19.gxl;./house.seq109.gxl
./house.seq20.gxl;./house.seq20.gxl
./house.seq20.gxl;./house.seq30.gxl
./house.seq20.gxl;./house.seq40.gxl
./house.seq20.gxl;./house.seq50.gxl
./house.seq20.gxl;./house.seq60.gxl
./house.seq20.gxl;./house.seq70.gxl
./house.seq20.gxl;./house.seq80.gxl
./house.seq20.gxl;./house.seq90.gxl
./house.seq20.gxl;./house.seq100.gxl
./house.seq20.gxl;./house.seq110.gxl
./house.seq21.gxl;./house.seq21.gxl
./house.seq21.gxl;./house.seq31.gxl
./house.seq21.gxl;./house.seq41.gxl
./house.seq21.gxl;./house.seq51.gxl
./house.seq21.gxl;./house.seq61.gxl
./house.seq21.gxl;./house.seq71.gxl
./house.seq21.gxl;./house.seq81.gxl
./house.seq21.gxl;./house.seq91.gxl
./house.seq21.gxl;./house.seq101.gxl
./house.seq22.gxl;./house.seq22.gxl
./house.seq22.gxl;./house.seq32.gxl
./house.seq22.gxl;./house.seq42.gxl
./house.seq22.gxl;./house.seq52.gxl
./house.seq22.gxl;./house.seq62.gxl
./house.seq22.gxl;./house.seq72.gxl
./house.seq22.gxl;./house.seq82.gxl
./house.seq22.gxl;./house.seq92.gxl
./house.seq22.gxl;./house.seq102.gxl
./house.seq23.gxl;./house.seq23.gxl
./house.seq23.gxl;./house.seq33.gxl
./house.seq23.gxl;./house.seq43.gxl
./house.seq23.gxl;./house.seq53.gxl
./house.seq23.gxl;./house.seq63.gxl
./house.seq23.gxl;./house.seq73.gxl
./house.seq23.gxl;./house.seq83.gxl
./house.seq23.gxl;./house.seq93.gxl
./house.seq23.gxl;./house.seq103.gxl
./house.seq24.gxl;./house.seq24.gxl
./house.seq24.gxl;./house.seq34.gxl
./house.seq24.gxl;./house.seq44.gxl
./house.seq24.gxl;./house.seq54.gxl
./house.seq24.gxl;./house.seq64.gxl
./house.seq24.gxl;./house.seq74.gxl
./house.seq24.gxl;./house.seq84.gxl
./house.seq24.gxl;./house.seq94.gxl
./house.seq24.gxl;./house.seq104.gxl
./house.seq25.gxl;./house.seq25.gxl
./house.seq25.gxl;./house.seq35.gxl
./house.seq25.gxl;./house.seq45.gxl
./house.seq25.gxl;./house.seq55.gxl
./house.seq25.gxl;./house.seq65.gxl
./house.seq25.gxl;./house.seq75.gxl
./house.seq25.gxl;./house.seq85.gxl
./house.seq25.gxl;./house.seq95.gxl
./house.seq25.gxl;./house.seq105.gxl
./house.seq26.gxl;./house.seq26.gxl
./house.seq26.gxl;./house.seq36.gxl
./house.seq26.gxl;./house.seq46.gxl
./house.seq26.gxl;./house.seq56.gxl
./house.seq26.gxl;./house.seq66.gxl
./house.seq26.gxl;./house.seq76.gxl
./house.seq26.gxl;./house.seq86.gxl
./house.seq26.gxl;./house.seq96.gxl
./house.seq26.gxl;./house.seq106.gxl
./house.seq27.gxl;./house.seq27.gxl
./house.seq27.gxl;./house.seq37.gxl
./house.seq27.gxl;./house.seq47.gxl
./house.seq27.gxl;./house.seq57.gxl
./house.seq27.gxl;./house.seq67.gxl
./house.seq27.gxl;./house.seq77.gxl
./house.seq27.gxl;./house.seq87.gxl
./house.seq27.gxl;./house.seq97.gxl
./house.seq27.gxl;./house.seq107.gxl
./house.seq28.gxl;./house.seq28.gxl
./house.seq28.gxl;./house.seq38.gxl
./house.seq28.gxl;./house.seq48.gxl
./house.seq28.gxl;./house.seq58.gxl
./house.seq28.gxl;./house.seq68.gxl
./house.seq28.gxl;./house.seq78.gxl
./house.seq28.gxl;./house.seq88.gxl
./house.seq28.gxl;./house.seq98.gxl
./house.seq28.gxl;./house.seq108.gxl
./house.seq29.gxl;./house.seq29.gxl
./house.seq29.gxl;./house.seq39.gxl
./house.seq29.gxl;./house.seq49.gxl
./house.seq29.gxl;./house.seq59.gxl
./house.seq29.gxl;./house.seq69.gxl
./house.seq29.gxl;./house.seq79.gxl
./house.seq29.gxl;./house.seq89.gxl
./house.seq29.gxl;./house.seq99.gxl
./house.seq29.gxl;./house.seq109.gxl
./house.seq30.gxl;./house.seq30.gxl
./house.seq30.gxl;./house.seq40.gxl
./house.seq30.gxl;./house.seq50.gxl
./house.seq30.gxl;./house.seq60.gxl
./house.seq30.gxl;./house.seq70.gxl
./house.seq30.gxl;./house.seq80.gxl
./house.seq30.gxl;./house.seq90.gxl
./house.seq30.gxl;./house.seq100.gxl
./house.seq30.gxl;./house.seq110.gxl
./house.seq31.gxl;./house.seq31.gxl
./house.seq31.gxl;./house.seq41.gxl
./house.seq31.gxl;./house.seq51.gxl
./house.seq31.gxl;./house.seq61.gxl
./house.seq31.gxl;./house.seq71.gxl
./house.seq31.gxl;./house.seq81.gxl
./house.seq31.gxl;./house.seq91.gxl
./house.seq31.gxl;./house.seq101.gxl
./house.seq32.gxl;./house.seq32.gxl
./house.seq32.gxl;./house.seq42.gxl
./house.seq32.gxl;./house.seq52.gxl
./house.seq32.gxl;./house.seq62.gxl
./house.seq32.gxl;./house.seq72.gxl
./house.seq32.gxl;./house.seq82.gxl
./house.seq32.gxl;./house.seq92.gxl
./house.seq32.gxl;./house.seq102.gxl
./house.seq33.gxl;./house.seq33.gxl
./house.seq33.gxl;./house.seq43.gxl
./house.seq33.gxl;./house.seq53.gxl
./house.seq33.gxl;./house.seq63.gxl
./house.seq33.gxl;./house.seq73.gxl
./house.seq33.gxl;./house.seq83.gxl
./house.seq33.gxl;./house.seq93.gxl
./house.seq33.gxl;./house.seq103.gxl
./house.seq34.gxl;./house.seq34.gxl
./house.seq34.gxl;./house.seq44.gxl
./house.seq34.gxl;./house.seq54.gxl
./house.seq34.gxl;./house.seq64.gxl
./house.seq34.gxl;./house.seq74.gxl
./house.seq34.gxl;./house.seq84.gxl
./house.seq34.gxl;./house.seq94.gxl
./house.seq34.gxl;./house.seq104.gxl
./house.seq35.gxl;./house.seq35.gxl
./house.seq35.gxl;./house.seq45.gxl
./house.seq35.gxl;./house.seq55.gxl
./house.seq35.gxl;./house.seq65.gxl
./house.seq35.gxl;./house.seq75.gxl
./house.seq35.gxl;./house.seq85.gxl
./house.seq35.gxl;./house.seq95.gxl
./house.seq35.gxl;./house.seq105.gxl
./house.seq36.gxl;./house.seq36.gxl
./house.seq36.gxl;./house.seq46.gxl
./house.seq36.gxl;./house.seq56.gxl
./house.seq36.gxl;./house.seq66.gxl
./house.seq36.gxl;./house.seq76.gxl
./house.seq36.gxl;./house.seq86.gxl
./house.seq36.gxl;./house.seq96.gxl
./house.seq36.gxl;./house.seq106.gxl
./house.seq37.gxl;./house.seq37.gxl
./house.seq37.gxl;./house.seq47.gxl
./house.seq37.gxl;./house.seq57.gxl
./house.seq37.gxl;./house.seq67.gxl
./house.seq37.gxl;./house.seq77.gxl
./house.seq37.gxl;./house.seq87.gxl
./house.seq37.gxl;./house.seq97.gxl
./house.seq37.gxl;./house.seq107.gxl
./house.seq38.gxl;./house.seq38.gxl
./house.seq38.gxl;./house.seq48.gxl
./house.seq38.gxl;./house.seq58.gxl
./house.seq38.gxl;./house.seq68.gxl
./house.seq38.gxl;./house.seq78.gxl
./house.seq38.gxl;./house.seq88.gxl
./house.seq38.gxl;./house.seq98.gxl
./house.seq38.gxl;./house.seq108.gxl
./house.seq39.gxl;./house.seq39.gxl
./house.seq39.gxl;./house.seq49.gxl
./house.seq39.gxl;./house.seq59.gxl
./house.seq39.gxl;./house.seq69.gxl
./house.seq39.gxl;./house.seq79.gxl
./house.seq39.gxl;./house.seq89.gxl
./house.seq39.gxl;./house.seq99.gxl
./house.seq39.gxl;./house.seq109.gxl
./house.seq40.gxl;./house.seq40.gxl
./house.seq40.gxl;./house.seq50.gxl
./house.seq40.gxl;./house.seq60.gxl
./house.seq40.gxl;./house.seq70.gxl
./house.seq40.gxl;./house.seq80.gxl
./house.seq40.gxl;./house.seq90.gxl
./house.seq40.gxl;./house.seq100.gxl
./house.seq40.gxl;./house.seq110.gxl
./house.seq41.gxl;./house.seq41.gxl
./house.seq41.gxl;./house.seq51.gxl
./house.seq41.gxl;./house.seq61.gxl
./house.seq41.gxl;./house.seq71.gxl
./house.seq41.gxl;./house.seq81.gxl
./house.seq41.gxl;./house.seq91.gxl
./house.seq41.gxl;./house.seq101.gxl
./house.seq42.gxl;./house.seq42.gxl
./house.seq42.gxl;./house.seq52.gxl
./house.seq42.gxl;./house.seq62.gxl
./house.seq42.gxl;./house.seq72.gxl
./house.seq42.gxl;./house.seq82.gxl
./house.seq42.gxl;./house.seq92.gxl
./house.seq42.gxl;./house.seq102.gxl
./house.seq43.gxl;./house.seq43.gxl
./house.seq43.gxl;./house.seq53.gxl
./house.seq43.gxl;./house.seq63.gxl
./house.seq43.gxl;./house.seq73.gxl
./house.seq43.gxl;./house.seq83.gxl
./house.seq43.gxl;./house.seq93.gxl
./house.seq43.gxl;./house.seq103.gxl
./house.seq44.gxl;./house.seq44.gxl
./house.seq44.gxl;./house.seq54.gxl
./house.seq44.gxl;./house.seq64.gxl
./house.seq44.gxl;./house.seq74.gxl
./house.seq44.gxl;./house.seq84.gxl
./house.seq44.gxl;./house.seq94.gxl
./house.seq44.gxl;./house.seq104.gxl
./house.seq45.gxl;./house.seq45.gxl
./house.seq45.gxl;./house.seq55.gxl
./house.seq45.gxl;./house.seq65.gxl
./house.seq45.gxl;./house.seq75.gxl
./house.seq45.gxl;./house.seq85.gxl
./house.seq45.gxl;./house.seq95.gxl
./house.seq45.gxl;./house.seq105.gxl
./house.seq46.gxl;./house.seq46.gxl
./house.seq46.gxl;./house.seq56.gxl
./house.seq46.gxl;./house.seq66.gxl
./house.seq46.gxl;./house.seq76.gxl
./house.seq46.gxl;./house.seq86.gxl
./house.seq46.gxl;./house.seq96.gxl
./house.seq46.gxl;./house.seq106.gxl
./house.seq47.gxl;./house.seq47.gxl
./house.seq47.gxl;./house.seq57.gxl
./house.seq47.gxl;./house.seq67.gxl
./house.seq47.gxl;./house.seq77.gxl
./house.seq47.gxl;./house.seq87.gxl
./house.seq47.gxl;./house.seq97.gxl
./house.seq47.gxl;./house.seq107.gxl
./house.seq48.gxl;./house.seq48.gxl
./house.seq48.gxl;./house.seq58.gxl
./house.seq48.gxl;./house.seq68.gxl
./house.seq48.gxl;./house.seq78.gxl
./house.seq48.gxl;./house.seq88.gxl
./house.seq48.gxl;./house.seq98.gxl
./house.seq48.gxl;./house.seq108.gxl
./house.seq49.gxl;./house.seq49.gxl
./house.seq49.gxl;./house.seq59.gxl
./house.seq49.gxl;./house.seq69.gxl
./house.seq49.gxl;./house.seq79.gxl
./house.seq49.gxl;./house.seq89.gxl
./house.seq49.gxl;./house.seq99.gxl
./house.seq49.gxl;./house.seq109.gxl
./house.seq50.gxl;./house.seq50.gxl
./house.seq50.gxl;./house.seq60.gxl
./house.seq50.gxl;./house.seq70.gxl
./house.seq50.gxl;./house.seq80.gxl
./house.seq50.gxl;./house.seq90.gxl
./house.seq50.gxl;./house.seq100.gxl
./house.seq50.gxl;./house.seq110.gxl
./house.seq51.gxl;./house.seq51.gxl
./house.seq51.gxl;./house.seq61.gxl
./house.seq51.gxl;./house.seq71.gxl
./house.seq51.gxl;./house.seq81.gxl
./house.seq51.gxl;./house.seq91.gxl
./house.seq51.gxl;./house.seq101.gxl
./house.seq52.gxl;./house.seq52.gxl
./house.seq52.gxl;./house.seq62.gxl
./house.seq52.gxl;./house.seq72.gxl
./house.seq52.gxl;./house.seq82.gxl
./house.seq52.gxl;./house.seq92.gxl
./house.seq52.gxl;./house.seq102.gxl
./house.seq53.gxl;./house.seq53.gxl
./house.seq53.gxl;./house.seq63.gxl
./house.seq53.gxl;./house.seq73.gxl
./house.seq53.gxl;./house.seq83.gxl
./house.seq53.gxl;./house.seq93.gxl
./house.seq53.gxl;./house.seq103.gxl
./house.seq54.gxl;./house.seq54.gxl
./house.seq54.gxl;./house.seq64.gxl
./house.seq54.gxl;./house.seq74.gxl
./house.seq54.gxl;./house.seq84.gxl
./house.seq54.gxl;./house.seq94.gxl
./house.seq54.gxl;./house.seq104.gxl
./house.seq55.gxl;./house.seq55.gxl
./house.seq55.gxl;./house.seq65.gxl
./house.seq55.gxl;./house.seq75.gxl
./house.seq55.gxl;./house.seq85.gxl
./house.seq55.gxl;./house.seq95.gxl
./house.seq55.gxl;./house.seq105.gxl
./house.seq56.gxl;./house.seq56.gxl
./house.seq56.gxl;./house.seq66.gxl
./house.seq56.gxl;./house.seq76.gxl
./house.seq56.gxl;./house.seq86.gxl
./house.seq56.gxl;./house.seq96.gxl
./house.seq56.gxl;./house.seq106.gxl
./house.seq57.gxl;./house.seq57.gxl
./house.seq57.gxl;./house.seq67.gxl
./house.seq57.gxl;./house.seq77.gxl
./house.seq57.gxl;./house.seq87.gxl
./house.seq57.gxl;./house.seq97.gxl
./house.seq57.gxl;./house.seq107.gxl
./house.seq58.gxl;./house.seq58.gxl
./house.seq58.gxl;./house.seq68.gxl
./house.seq58.gxl;./house.seq78.gxl
./house.seq58.gxl;./house.seq88.gxl
./house.seq58.gxl;./house.seq98.gxl
./house.seq58.gxl;./house.seq108.gxl
./house.seq59.gxl;./house.seq59.gxl
./house.seq59.gxl;./house.seq69.gxl
./house.seq59.gxl;./house.seq79.gxl
./house.seq59.gxl;./house.seq89.gxl
./house.seq59.gxl;./house.seq99.gxl
./house.seq59.gxl;./house.seq109.gxl
./house.seq60.gxl;./house.seq60.gxl
./house.seq60.gxl;./house.seq70.gxl
./house.seq60.gxl;./house.seq80.gxl
./house.seq60.gxl;./house.seq90.gxl
./house.seq60.gxl;./house.seq100.gxl
./house.seq60.gxl;./house.seq110.gxl
./house.seq61.gxl;./house.seq61.gxl
./house.seq61.gxl;./house.seq71.gxl
./house.seq61.gxl;./house.seq81.gxl
./house.seq61.gxl;./house.seq91.gxl
./house.seq61.gxl;./house.seq101.gxl
./house.seq62.gxl;./house.seq62.gxl
./house.seq62.gxl;./house.seq72.gxl
./house.seq62.gxl;./house.seq82.gxl
./house.seq62.gxl;./house.seq92.gxl
./house.seq62.gxl;./house.seq102.gxl
./house.seq63.gxl;./house.seq63.gxl
./house.seq63.gxl;./house.seq73.gxl
./house.seq63.gxl;./house.seq83.gxl
./house.seq63.gxl;./house.seq93.gxl
./house.seq63.gxl;./house.seq103.gxl
./house.seq64.gxl;./house.seq64.gxl
./house.seq64.gxl;./house.seq74.gxl
./house.seq64.gxl;./house.seq84.gxl
./house.seq64.gxl;./house.seq94.gxl
./house.seq64.gxl;./house.seq104.gxl
./house.seq65.gxl;./house.seq65.gxl
./house.seq65.gxl;./house.seq75.gxl
./house.seq65.gxl;./house.seq85.gxl
./house.seq65.gxl;./house.seq95.gxl
./house.seq65.gxl;./house.seq105.gxl
./house.seq66.gxl;./house.seq66.gxl
./house.seq66.gxl;./house.seq76.gxl
./house.seq66.gxl;./house.seq86.gxl
./house.seq66.gxl;./house.seq96.gxl
./house.seq66.gxl;./house.seq106.gxl
./house.seq67.gxl;./house.seq67.gxl
./house.seq67.gxl;./house.seq77.gxl
./house.seq67.gxl;./house.seq87.gxl
./house.seq67.gxl;./house.seq97.gxl
./house.seq67.gxl;./house.seq107.gxl
./house.seq68.gxl;./house.seq68.gxl
./house.seq68.gxl;./house.seq78.gxl
./house.seq68.gxl;./house.seq88.gxl
./house.seq68.gxl;./house.seq98.gxl
./house.seq68.gxl;./house.seq108.gxl
./house.seq69.gxl;./house.seq69.gxl
./house.seq69.gxl;./house.seq79.gxl
./house.seq69.gxl;./house.seq89.gxl
./house.seq69.gxl;./house.seq99.gxl
./house.seq69.gxl;./house.seq109.gxl
./house.seq70.gxl;./house.seq70.gxl
./house.seq70.gxl;./house.seq80.gxl
./house.seq70.gxl;./house.seq90.gxl
./house.seq70.gxl;./house.seq100.gxl
./house.seq70.gxl;./house.seq110.gxl
./house.seq71.gxl;./house.seq71.gxl
./house.seq71.gxl;./house.seq81.gxl
./house.seq71.gxl;./house.seq91.gxl
./house.seq71.gxl;./house.seq101.gxl
./house.seq72.gxl;./house.seq72.gxl
./house.seq72.gxl;./house.seq82.gxl
./house.seq72.gxl;./house.seq92.gxl
./house.seq72.gxl;./house.seq102.gxl
./house.seq73.gxl;./house.seq73.gxl
./house.seq73.gxl;./house.seq83.gxl
./house.seq73.gxl;./house.seq93.gxl
./house.seq73.gxl;./house.seq103.gxl
./house.seq74.gxl;./house.seq74.gxl
./house.seq74.gxl;./house.seq84.gxl
./house.seq74.gxl;./house.seq94.gxl
./house.seq74.gxl;./house.seq104.gxl
./house.seq75.gxl;./house.seq75.gxl
./house.seq75.gxl;./house.seq85.gxl
./house.seq75.gxl;./house.seq95.gxl
./house.seq75.gxl;./house.seq105.gxl
./house.seq76.gxl;./house.seq76.gxl
./house.seq76.gxl;./house.seq86.gxl
./house.seq76.gxl;./house.seq96.gxl
./house.seq76.gxl;./house.seq106.gxl
./house.seq77.gxl;./house.seq77.gxl
./house.seq77.gxl;./house.seq87.gxl
./house.seq77.gxl;./house.seq97.gxl
./house.seq77.gxl;./house.seq107.gxl
./house.seq78.gxl;./house.seq78.gxl
./house.seq78.gxl;./house.seq88.gxl
./house.seq78.gxl;./house.seq98.gxl
./house.seq78.gxl;./house.seq108.gxl
./house.seq79.gxl;./house.seq79.gxl
./house.seq79.gxl;./house.seq89.gxl
./house.seq79.gxl;./house.seq99.gxl
./house.seq79.gxl;./house.seq109.gxl
./house.seq80.gxl;./house.seq80.gxl
./house.seq80.gxl;./house.seq90.gxl
./house.seq80.gxl;./house.seq100.gxl
./house.seq80.gxl;./house.seq110.gxl
./house.seq81.gxl;./house.seq81.gxl
./house.seq81.gxl;./house.seq91.gxl
./house.seq81.gxl;./house.seq101.gxl
./house.seq82.gxl;./house.seq82.gxl
./house.seq82.gxl;./house.seq92.gxl
./house.seq82.gxl;./house.seq102.gxl
./house.seq83.gxl;./house.seq83.gxl
./house.seq83.gxl;./house.seq93.gxl
./house.seq83.gxl;./house.seq103.gxl
./house.seq84.gxl;./house.seq84.gxl
./house.seq84.gxl;./house.seq94.gxl
./house.seq84.gxl;./house.seq104.gxl
./house.seq85.gxl;./house.seq85.gxl
./house.seq85.gxl;./house.seq95.gxl
./house.seq85.gxl;./house.seq105.gxl
./house.seq86.gxl;./house.seq86.gxl
./house.seq86.gxl;./house.seq96.gxl
./house.seq86.gxl;./house.seq106.gxl
./house.seq87.gxl;./house.seq87.gxl
./house.seq87.gxl;./house.seq97.gxl
./house.seq87.gxl;./house.seq107.gxl
./house.seq88.gxl;./house.seq88.gxl
./house.seq88.gxl;./house.seq98.gxl
./house.seq88.gxl;./house.seq108.gxl
./house.seq89.gxl;./house.seq89.gxl
./house.seq89.gxl;./house.seq99.gxl
./house.seq89.gxl;./house.seq109.gxl
./house.seq90.gxl;./house.seq90.gxl
./house.seq90.gxl;./house.seq100.gxl
./house.seq90.gxl;./house.seq110.gxl
./house.seq91.gxl;./house.seq91.gxl
./house.seq91.gxl;./house.seq101.gxl
./house.seq92.gxl;./house.seq92.gxl
./house.seq92.gxl;./house.seq102.gxl
./house.seq93.gxl;./house.seq93.gxl
./house.seq93.gxl;./house.seq103.gxl
./house.seq94.gxl;./house.seq94.gxl
./house.seq94.gxl;./house.seq104.gxl
./house.seq95.gxl;./house.seq95.gxl
./house.seq95.gxl;./house.seq105.gxl
./house.seq96.gxl;./house.seq96.gxl
./house.seq96.gxl;./house.seq106.gxl
./house.seq97.gxl;./house.seq97.gxl
./house.seq97.gxl;./house.seq107.gxl
./house.seq98.gxl;./house.seq98.gxl
./house.seq98.gxl;./house.seq108.gxl
./house.seq99.gxl;./house.seq99.gxl
./house.seq99.gxl;./house.seq109.gxl
./house.seq100.gxl;./house.seq100.gxl
./house.seq100.gxl;./house.seq110.gxl
./house.seq101.gxl;./house.seq101.gxl
./house.seq102.gxl;./house.seq102.gxl
./house.seq103.gxl;./house.seq103.gxl
./house.seq104.gxl;./house.seq104.gxl
./house.seq105.gxl;./house.seq105.gxl
./house.seq106.gxl;./house.seq106.gxl
./house.seq107.gxl;./house.seq107.gxl
./house.seq108.gxl;./house.seq108.gxl
./house.seq109.gxl;./house.seq109.gxl
./house.seq110.gxl;./house.seq110.gxl
